"Accountant Olathe",0,"Fulling Management & Accounting","(913) 254-7300","=HYPERLINK(""www.fullingmgmt.com"", ""www.fullingmgmt.com"")","United States",1,Olathe,"Local business","[{""id"":""139976092733827"",""name"":""Accountant""}]",19,3,122830331106840,http://www.facebook.com/122830331106840,"=HYPERLINK(""http://www.facebook.com/122830331106840/?sk=info"", ""122830331106840"")","=HYPERLINK(""http://wp.otonomic.com/migration/index?page_id=122830331106840"", ""Create"")",,
"Accountant Olathe",1,"Snider Accounting Services",,"=HYPERLINK(""www.snideraccounting.com"", ""www.snideraccounting.com"")","United States",1,Olathe,"Business services","[{""id"":""139976092733827"",""name"":""Accountant""}]",60,,204167096293263,http://www.facebook.com/204167096293263,"=HYPERLINK(""http://www.facebook.com/204167096293263/?sk=info"", ""204167096293263"")","=HYPERLINK(""http://wp.otonomic.com/migration/index?page_id=204167096293263"", ""Create"")",,
"Accountant Olathe",2,"Paydayz Payroll & Human Resource Solutions, Inc.","(913) 780-9901","=HYPERLINK(""www.paydayz.net"", ""www.paydayz.net"")","United States",1,Olathe,"Local business","[{""id"":""139976092733827"",""name"":""Accountant""}]",82,,154344001267939,http://www.facebook.com/154344001267939,"=HYPERLINK(""http://www.facebook.com/154344001267939/?sk=info"", ""154344001267939"")","=HYPERLINK(""http://wp.otonomic.com/migration/index?page_id=154344001267939"", ""Create"")",,
"Accountant Olathe",3,"Liberty Tax","(913) 712-8042","=HYPERLINK(""https://www.libertytax.com/11305"", ""https://www.libertytax.com/11305"")","United States",1,Olathe,"Local business","[{""id"":""133381803394214"",""name"":""Tax Preparation""},{""id"":""139976092733827"",""name"":""Accountant""}]",,1,392899647507345,http://www.facebook.com/392899647507345,"=HYPERLINK(""http://www.facebook.com/392899647507345/?sk=info"", ""392899647507345"")","=HYPERLINK(""http://wp.otonomic.com/migration/index?page_id=392899647507345"", ""Create"")",,
"Accountant Olathe",4,"K C Accounting Considerations","(913) 829-2673","=HYPERLINK("""", """")","United States",1,Olathe,"Local business","[{""id"":""139976092733827"",""name"":""Accountant""}]",1,,155732937800801,http://www.facebook.com/155732937800801,"=HYPERLINK(""http://www.facebook.com/155732937800801/?sk=info"", ""155732937800801"")","=HYPERLINK(""http://wp.otonomic.com/migration/index?page_id=155732937800801"", ""Create"")",1,
"Accountant Olathe",5,"Jim Hord CPA LLC","(913) 390-0974","=HYPERLINK("""", """")","United States",1,Olathe,"Local business","[{""id"":""139976092733827"",""name"":""Accountant""}]",1,,142277852485405,http://www.facebook.com/142277852485405,"=HYPERLINK(""http://www.facebook.com/142277852485405/?sk=info"", ""142277852485405"")","=HYPERLINK(""http://wp.otonomic.com/migration/index?page_id=142277852485405"", ""Create"")",1,
"Accountant Olathe",6,"Sowers Joseph CPA","(913) 780-1176","=HYPERLINK("""", """")","United States",1,Olathe,"Local business",,,,104579092942667,http://www.facebook.com/104579092942667,"=HYPERLINK(""http://www.facebook.com/104579092942667/?sk=info"", ""104579092942667"")","=HYPERLINK(""http://wp.otonomic.com/migration/index?page_id=104579092942667"", ""Create"")",1,
"Accountant Olathe",7,"Jackson Hewitt Tax Service","(913) 299-2400","=HYPERLINK(""http://www.jacksonhewitt.com/"", ""http://www.jacksonhewitt.com/"")","United States",1,Olathe,"Local business","[{""id"":""139976092733827"",""name"":""Accountant""},{""id"":""133381803394214"",""name"":""Tax Preparation""}]",,,126206447432835,http://www.facebook.com/126206447432835,"=HYPERLINK(""http://www.facebook.com/126206447432835/?sk=info"", ""126206447432835"")","=HYPERLINK(""http://wp.otonomic.com/migration/index?page_id=126206447432835"", ""Create"")",1,
"Accountant Olathe",8,"Drake Richard Certified Public Acc","(913) 764-6677","=HYPERLINK("""", """")","United States",1,Olathe,"Local business",,,,128156087238709,http://www.facebook.com/128156087238709,"=HYPERLINK(""http://www.facebook.com/128156087238709/?sk=info"", ""128156087238709"")","=HYPERLINK(""http://wp.otonomic.com/migration/index?page_id=128156087238709"", ""Create"")",1,
"Accountant Olathe",9,"Troutt Beeman & Co PC","(913) 768-6227","=HYPERLINK("""", """")","United States",1,Olathe,"Local business","[{""id"":""133381803394214"",""name"":""Tax Preparation""},{""id"":""139976092733827"",""name"":""Accountant""}]",,,141842022529466,http://www.facebook.com/141842022529466,"=HYPERLINK(""http://www.facebook.com/141842022529466/?sk=info"", ""141842022529466"")","=HYPERLINK(""http://wp.otonomic.com/migration/index?page_id=141842022529466"", ""Create"")",1,
"Accountant Olathe",10,"Klasinski William J CPA","(913) 782-0616","=HYPERLINK("""", """")","United States",1,Olathe,"Local business",,,,143853035660407,http://www.facebook.com/143853035660407,"=HYPERLINK(""http://www.facebook.com/143853035660407/?sk=info"", ""143853035660407"")","=HYPERLINK(""http://wp.otonomic.com/migration/index?page_id=143853035660407"", ""Create"")",1,
"Accountant Olathe",11,"Kruse Bill J Inc Bkkpng Service","(913) 782-7278","=HYPERLINK("""", """")","United States",1,Olathe,"Local business","[{""id"":""139976092733827"",""name"":""Accountant""}]",,,153634014672379,http://www.facebook.com/153634014672379,"=HYPERLINK(""http://www.facebook.com/153634014672379/?sk=info"", ""153634014672379"")","=HYPERLINK(""http://wp.otonomic.com/migration/index?page_id=153634014672379"", ""Create"")",1,
"Accountant Olathe",12,"Jampad Bookkeeping Service","(913) 254-7242","=HYPERLINK("""", """")","United States",1,Olathe,"Local business",,,,154470857925759,http://www.facebook.com/154470857925759,"=HYPERLINK(""http://www.facebook.com/154470857925759/?sk=info"", ""154470857925759"")","=HYPERLINK(""http://wp.otonomic.com/migration/index?page_id=154470857925759"", ""Create"")",1,
"Accountant Olathe",13,"Accounting & Business Resources","(913) 768-6985","=HYPERLINK("""", """")","United States",1,Olathe,"Local business","[{""id"":""133381803394214"",""name"":""Tax Preparation""},{""id"":""139976092733827"",""name"":""Accountant""}]",,,160945140592292,http://www.facebook.com/160945140592292,"=HYPERLINK(""http://www.facebook.com/160945140592292/?sk=info"", ""160945140592292"")","=HYPERLINK(""http://wp.otonomic.com/migration/index?page_id=160945140592292"", ""Create"")",1,
"Accountant Olathe",14,"Precision Accounting & Tax Service","(913) 390-1829","=HYPERLINK("""", """")","United States",1,Olathe,"Local business",,,,167258269956294,http://www.facebook.com/167258269956294,"=HYPERLINK(""http://www.facebook.com/167258269956294/?sk=info"", ""167258269956294"")","=HYPERLINK(""http://wp.otonomic.com/migration/index?page_id=167258269956294"", ""Create"")",1,
"Accountant Olathe",15,"Hood John","(913) 393-4272","=HYPERLINK("""", """")","United States",1,Olathe,"Local business","[{""id"":""139976092733827"",""name"":""Accountant""}]",,,168943713122304,http://www.facebook.com/168943713122304,"=HYPERLINK(""http://www.facebook.com/168943713122304/?sk=info"", ""168943713122304"")","=HYPERLINK(""http://wp.otonomic.com/migration/index?page_id=168943713122304"", ""Create"")",1,
"Accountant Olathe",16,"Revenue Cycle Partners","(913) 390-5966","=HYPERLINK("""", """")","United States",1,Olathe,"Local business","[{""id"":""139976092733827"",""name"":""Accountant""}]",,,120925874631552,http://www.facebook.com/120925874631552,"=HYPERLINK(""http://www.facebook.com/120925874631552/?sk=info"", ""120925874631552"")","=HYPERLINK(""http://wp.otonomic.com/migration/index?page_id=120925874631552"", ""Create"")",1,
"Accountant Olathe",17,"Bowles Richard D CPA","(913) 768-0084","=HYPERLINK("""", """")","United States",1,Olathe,"Local business","[{""id"":""139976092733827"",""name"":""Accountant""}]",1,,104407266292660,http://www.facebook.com/104407266292660,"=HYPERLINK(""http://www.facebook.com/104407266292660/?sk=info"", ""104407266292660"")","=HYPERLINK(""http://wp.otonomic.com/migration/index?page_id=104407266292660"", ""Create"")",1,
"Accountant Olathe",18,"Whitacre Thos J CPA","(913) 782-2393","=HYPERLINK("""", """")","United States",1,Olathe,"Local business","[{""id"":""139976092733827"",""name"":""Accountant""}]",,,157895527574938,http://www.facebook.com/157895527574938,"=HYPERLINK(""http://www.facebook.com/157895527574938/?sk=info"", ""157895527574938"")","=HYPERLINK(""http://wp.otonomic.com/migration/index?page_id=157895527574938"", ""Create"")",1,
"Accountant Olathe",19,"Tax Advisory Group","(913) 764-1127","=HYPERLINK("""", """")","United States",1,Olathe,"Local business","[{""id"":""139976092733827"",""name"":""Accountant""}]",,,162334363786477,http://www.facebook.com/162334363786477,"=HYPERLINK(""http://www.facebook.com/162334363786477/?sk=info"", ""162334363786477"")","=HYPERLINK(""http://wp.otonomic.com/migration/index?page_id=162334363786477"", ""Create"")",1,
"Accountant Olathe",20,"Whitacre Thos J CPA","(913) 782-0616","=HYPERLINK("""", """")","United States",1,Olathe,"Local business","[{""id"":""139976092733827"",""name"":""Accountant""}]",,,162599707101572,http://www.facebook.com/162599707101572,"=HYPERLINK(""http://www.facebook.com/162599707101572/?sk=info"", ""162599707101572"")","=HYPERLINK(""http://wp.otonomic.com/migration/index?page_id=162599707101572"", ""Create"")",1,
"Accountant Olathe",21,"Elite Medical Service","(913) 254-0225","=HYPERLINK("""", """")","United States",1,Olathe,"Local business","[{""id"":""139976092733827"",""name"":""Accountant""},{""id"":""145118935550090"",""name"":""Medical & Health""}]",,,168238989859414,http://www.facebook.com/168238989859414,"=HYPERLINK(""http://www.facebook.com/168238989859414/?sk=info"", ""168238989859414"")","=HYPERLINK(""http://wp.otonomic.com/migration/index?page_id=168238989859414"", ""Create"")",1,
"Accountant Olathe",22,"House of Accounting","(913) 530-5609","=HYPERLINK(""www.houseofaccounting.com"", ""www.houseofaccounting.com"")","United States",1,Olathe,"Business services","[{""id"":""179672275401610"",""name"":""Business Consultant""}]",,,229384997101417,http://www.facebook.com/229384997101417,"=HYPERLINK(""http://www.facebook.com/229384997101417/?sk=info"", ""229384997101417"")","=HYPERLINK(""http://wp.otonomic.com/migration/index?page_id=229384997101417"", ""Create"")",,
"Accountant Olathe",23,"Black Canyon Accounting & Tax, LLC","(970) 275-0124","=HYPERLINK("""", """")","United States",1,Olathe,"Consulting/business services","[{""id"":""2248"",""name"":""Consulting\/Business Services""}]",58,,560235464021757,http://www.facebook.com/560235464021757,"=HYPERLINK(""http://www.facebook.com/560235464021757/?sk=info"", ""560235464021757"")","=HYPERLINK(""http://wp.otonomic.com/migration/index?page_id=560235464021757"", ""Create"")",,
"Accountant Olathe",24,"Vance Accounting Services","(913) 940-5351","=HYPERLINK(""www.vance-accounting.com"", ""www.vance-accounting.com"")","United States",1,Olathe,"Professional services","[{""id"":""139976092733827"",""name"":""Accountant""}]",74,,343923749020305,http://www.facebook.com/343923749020305,"=HYPERLINK(""http://www.facebook.com/343923749020305/?sk=info"", ""343923749020305"")","=HYPERLINK(""http://wp.otonomic.com/migration/index?page_id=343923749020305"", ""Create"")",,
"Accountant Olathe",25,"Cooper Accounting & Tax Service","(970) 323-5448","=HYPERLINK("""", """")","United States",1,Olathe,"Local business","[{""id"":""133381803394214"",""name"":""Tax Preparation""},{""id"":""139976092733827"",""name"":""Accountant""}]",,,117879424938847,http://www.facebook.com/117879424938847,"=HYPERLINK(""http://www.facebook.com/117879424938847/?sk=info"", ""117879424938847"")","=HYPERLINK(""http://wp.otonomic.com/migration/index?page_id=117879424938847"", ""Create"")",1,
"Accountant Olathe",26,"Johnson Income Tax & Accounting","(913) 829-8298","=HYPERLINK("""", """")","United States",1,Olathe,"Local business",,,,150865974956540,http://www.facebook.com/150865974956540,"=HYPERLINK(""http://www.facebook.com/150865974956540/?sk=info"", ""150865974956540"")","=HYPERLINK(""http://wp.otonomic.com/migration/index?page_id=150865974956540"", ""Create"")",1,
"Accountant Olathe",27,"Accounting Plus Payroll","(913) 909-8534","=HYPERLINK(""http://www.accountingpluspayroll.com"", ""http://www.accountingpluspayroll.com"")","United States",1,Olathe,"Local business","[{""id"":""177721448951559"",""name"":""Workplace & Office""}]",,,356431401189291,http://www.facebook.com/356431401189291,"=HYPERLINK(""http://www.facebook.com/356431401189291/?sk=info"", ""356431401189291"")","=HYPERLINK(""http://wp.otonomic.com/migration/index?page_id=356431401189291"", ""Create"")",,
"Accountant Olathe",28,"Accountable Plumbing LLC","(913) 782-4946","=HYPERLINK("""", """")","United States",1,Olathe,"Local business","[{""id"":""178867352155084"",""name"":""Plumber""}]",1,,157233390973942,http://www.facebook.com/157233390973942,"=HYPERLINK(""http://www.facebook.com/157233390973942/?sk=info"", ""157233390973942"")","=HYPERLINK(""http://wp.otonomic.com/migration/index?page_id=157233390973942"", ""Create"")",1,
"Accountant Olathe",0,"Fulling Management & Accounting","(913) 254-7300","=HYPERLINK(""www.fullingmgmt.com"", ""www.fullingmgmt.com"")","United States",1,Olathe,"Local business","[{""id"":""139976092733827"",""name"":""Accountant""}]",19,3,122830331106840,http://www.facebook.com/122830331106840,"=HYPERLINK(""http://www.facebook.com/122830331106840/?sk=info"", ""122830331106840"")","=HYPERLINK(""http://wp.otonomic.com/migration/index?page_id=122830331106840"", ""Create"")",,
"Accountant Olathe",1,"Snider Accounting Services",,"=HYPERLINK(""www.snideraccounting.com"", ""www.snideraccounting.com"")","United States",1,Olathe,"Business services","[{""id"":""139976092733827"",""name"":""Accountant""}]",60,,204167096293263,http://www.facebook.com/204167096293263,"=HYPERLINK(""http://www.facebook.com/204167096293263/?sk=info"", ""204167096293263"")","=HYPERLINK(""http://wp.otonomic.com/migration/index?page_id=204167096293263"", ""Create"")",,
"Accountant Olathe",2,"Paydayz Payroll & Human Resource Solutions, Inc.","(913) 780-9901","=HYPERLINK(""www.paydayz.net"", ""www.paydayz.net"")","United States",1,Olathe,"Local business","[{""id"":""139976092733827"",""name"":""Accountant""}]",82,,154344001267939,http://www.facebook.com/154344001267939,"=HYPERLINK(""http://www.facebook.com/154344001267939/?sk=info"", ""154344001267939"")","=HYPERLINK(""http://wp.otonomic.com/migration/index?page_id=154344001267939"", ""Create"")",,
"Accountant Olathe",3,"Liberty Tax","(913) 712-8042","=HYPERLINK(""https://www.libertytax.com/11305"", ""https://www.libertytax.com/11305"")","United States",1,Olathe,"Local business","[{""id"":""133381803394214"",""name"":""Tax Preparation""},{""id"":""139976092733827"",""name"":""Accountant""}]",,1,392899647507345,http://www.facebook.com/392899647507345,"=HYPERLINK(""http://www.facebook.com/392899647507345/?sk=info"", ""392899647507345"")","=HYPERLINK(""http://wp.otonomic.com/migration/index?page_id=392899647507345"", ""Create"")",,72257781984
"Accountant Olathe",4,"K C Accounting Considerations","(913) 829-2673","=HYPERLINK("""", """")","United States",1,Olathe,"Local business","[{""id"":""139976092733827"",""name"":""Accountant""}]",1,,155732937800801,http://www.facebook.com/155732937800801,"=HYPERLINK(""http://www.facebook.com/155732937800801/?sk=info"", ""155732937800801"")","=HYPERLINK(""http://wp.otonomic.com/migration/index?page_id=155732937800801"", ""Create"")",1,
"Accountant Olathe",5,"Jim Hord CPA LLC","(913) 390-0974","=HYPERLINK("""", """")","United States",1,Olathe,"Local business","[{""id"":""139976092733827"",""name"":""Accountant""}]",1,,142277852485405,http://www.facebook.com/142277852485405,"=HYPERLINK(""http://www.facebook.com/142277852485405/?sk=info"", ""142277852485405"")","=HYPERLINK(""http://wp.otonomic.com/migration/index?page_id=142277852485405"", ""Create"")",1,
"Accountant Olathe",6,"Sowers Joseph CPA","(913) 780-1176","=HYPERLINK("""", """")","United States",1,Olathe,"Local business",,,,104579092942667,http://www.facebook.com/104579092942667,"=HYPERLINK(""http://www.facebook.com/104579092942667/?sk=info"", ""104579092942667"")","=HYPERLINK(""http://wp.otonomic.com/migration/index?page_id=104579092942667"", ""Create"")",1,
"Accountant Olathe",7,"Jackson Hewitt Tax Service","(913) 299-2400","=HYPERLINK(""http://www.jacksonhewitt.com/"", ""http://www.jacksonhewitt.com/"")","United States",1,Olathe,"Local business","[{""id"":""139976092733827"",""name"":""Accountant""},{""id"":""133381803394214"",""name"":""Tax Preparation""}]",,,126206447432835,http://www.facebook.com/126206447432835,"=HYPERLINK(""http://www.facebook.com/126206447432835/?sk=info"", ""126206447432835"")","=HYPERLINK(""http://wp.otonomic.com/migration/index?page_id=126206447432835"", ""Create"")",1,
"Accountant Olathe",8,"Drake Richard Certified Public Acc","(913) 764-6677","=HYPERLINK("""", """")","United States",1,Olathe,"Local business","[{""id"":""139976092733827"",""name"":""Accountant""}]",,,128156087238709,http://www.facebook.com/128156087238709,"=HYPERLINK(""http://www.facebook.com/128156087238709/?sk=info"", ""128156087238709"")","=HYPERLINK(""http://wp.otonomic.com/migration/index?page_id=128156087238709"", ""Create"")",1,
"Accountant Olathe",9,"Troutt Beeman & Co PC","(913) 768-6227","=HYPERLINK("""", """")","United States",1,Olathe,"Local business","[{""id"":""133381803394214"",""name"":""Tax Preparation""},{""id"":""139976092733827"",""name"":""Accountant""}]",,,141842022529466,http://www.facebook.com/141842022529466,"=HYPERLINK(""http://www.facebook.com/141842022529466/?sk=info"", ""141842022529466"")","=HYPERLINK(""http://wp.otonomic.com/migration/index?page_id=141842022529466"", ""Create"")",1,
"Accountant Olathe",10,"Klasinski William J CPA","(913) 782-0616","=HYPERLINK("""", """")","United States",1,Olathe,"Local business","[{""id"":""139976092733827"",""name"":""Accountant""}]",,,143853035660407,http://www.facebook.com/143853035660407,"=HYPERLINK(""http://www.facebook.com/143853035660407/?sk=info"", ""143853035660407"")","=HYPERLINK(""http://wp.otonomic.com/migration/index?page_id=143853035660407"", ""Create"")",1,
"Accountant Olathe",11,"Kruse Bill J Inc Bkkpng Service","(913) 782-7278","=HYPERLINK("""", """")","United States",1,Olathe,"Local business","[{""id"":""139976092733827"",""name"":""Accountant""}]",,,153634014672379,http://www.facebook.com/153634014672379,"=HYPERLINK(""http://www.facebook.com/153634014672379/?sk=info"", ""153634014672379"")","=HYPERLINK(""http://wp.otonomic.com/migration/index?page_id=153634014672379"", ""Create"")",1,
"Accountant Olathe",12,"Jampad Bookkeeping Service","(913) 254-7242","=HYPERLINK("""", """")","United States",1,Olathe,"Local business","[{""id"":""139976092733827"",""name"":""Accountant""}]",,,154470857925759,http://www.facebook.com/154470857925759,"=HYPERLINK(""http://www.facebook.com/154470857925759/?sk=info"", ""154470857925759"")","=HYPERLINK(""http://wp.otonomic.com/migration/index?page_id=154470857925759"", ""Create"")",1,
"Accountant Olathe",13,"Accounting & Business Resources","(913) 768-6985","=HYPERLINK("""", """")","United States",1,Olathe,"Local business","[{""id"":""133381803394214"",""name"":""Tax Preparation""},{""id"":""139976092733827"",""name"":""Accountant""}]",,,160945140592292,http://www.facebook.com/160945140592292,"=HYPERLINK(""http://www.facebook.com/160945140592292/?sk=info"", ""160945140592292"")","=HYPERLINK(""http://wp.otonomic.com/migration/index?page_id=160945140592292"", ""Create"")",1,
"Accountant Olathe",14,"Precision Accounting & Tax Service","(913) 390-1829","=HYPERLINK("""", """")","United States",1,Olathe,"Local business","[{""id"":""133381803394214"",""name"":""Tax Preparation""},{""id"":""139976092733827"",""name"":""Accountant""}]",,,167258269956294,http://www.facebook.com/167258269956294,"=HYPERLINK(""http://www.facebook.com/167258269956294/?sk=info"", ""167258269956294"")","=HYPERLINK(""http://wp.otonomic.com/migration/index?page_id=167258269956294"", ""Create"")",1,
"Accountant Olathe",15,"Hood John","(913) 393-4272","=HYPERLINK("""", """")","United States",1,Olathe,"Local business","[{""id"":""139976092733827"",""name"":""Accountant""}]",,,168943713122304,http://www.facebook.com/168943713122304,"=HYPERLINK(""http://www.facebook.com/168943713122304/?sk=info"", ""168943713122304"")","=HYPERLINK(""http://wp.otonomic.com/migration/index?page_id=168943713122304"", ""Create"")",1,
"Accountant Olathe",16,"Revenue Cycle Partners","(913) 390-5966","=HYPERLINK("""", """")","United States",1,Olathe,"Local business","[{""id"":""139976092733827"",""name"":""Accountant""}]",,,120925874631552,http://www.facebook.com/120925874631552,"=HYPERLINK(""http://www.facebook.com/120925874631552/?sk=info"", ""120925874631552"")","=HYPERLINK(""http://wp.otonomic.com/migration/index?page_id=120925874631552"", ""Create"")",1,
"Accountant Olathe",17,"Bowles Richard D CPA","(913) 768-0084","=HYPERLINK("""", """")","United States",1,Olathe,"Local business","[{""id"":""139976092733827"",""name"":""Accountant""}]",,,104407266292660,http://www.facebook.com/104407266292660,"=HYPERLINK(""http://www.facebook.com/104407266292660/?sk=info"", ""104407266292660"")","=HYPERLINK(""http://wp.otonomic.com/migration/index?page_id=104407266292660"", ""Create"")",1,
"Accountant Olathe",18,"Whitacre Thos J CPA","(913) 782-2393","=HYPERLINK("""", """")","United States",1,Olathe,"Local business","[{""id"":""139976092733827"",""name"":""Accountant""}]",,,157895527574938,http://www.facebook.com/157895527574938,"=HYPERLINK(""http://www.facebook.com/157895527574938/?sk=info"", ""157895527574938"")","=HYPERLINK(""http://wp.otonomic.com/migration/index?page_id=157895527574938"", ""Create"")",1,
"Accountant Olathe",19,"Tax Advisory Group","(913) 764-1127","=HYPERLINK("""", """")","United States",1,Olathe,"Local business","[{""id"":""139976092733827"",""name"":""Accountant""}]",,,162334363786477,http://www.facebook.com/162334363786477,"=HYPERLINK(""http://www.facebook.com/162334363786477/?sk=info"", ""162334363786477"")","=HYPERLINK(""http://wp.otonomic.com/migration/index?page_id=162334363786477"", ""Create"")",1,
"Accountant Olathe",20,"Whitacre Thos J CPA","(913) 782-0616","=HYPERLINK("""", """")","United States",1,Olathe,"Local business","[{""id"":""139976092733827"",""name"":""Accountant""}]",,,162599707101572,http://www.facebook.com/162599707101572,"=HYPERLINK(""http://www.facebook.com/162599707101572/?sk=info"", ""162599707101572"")","=HYPERLINK(""http://wp.otonomic.com/migration/index?page_id=162599707101572"", ""Create"")",1,
"Accountant Olathe",21,"Elite Medical Service","(913) 254-0225","=HYPERLINK("""", """")","United States",1,Olathe,"Local business","[{""id"":""139976092733827"",""name"":""Accountant""},{""id"":""145118935550090"",""name"":""Medical & Health""}]",,,168238989859414,http://www.facebook.com/168238989859414,"=HYPERLINK(""http://www.facebook.com/168238989859414/?sk=info"", ""168238989859414"")","=HYPERLINK(""http://wp.otonomic.com/migration/index?page_id=168238989859414"", ""Create"")",1,
"Accountant Olathe",22,"House of Accounting","(913) 530-5609","=HYPERLINK(""www.houseofaccounting.com"", ""www.houseofaccounting.com"")","United States",1,Olathe,"Business services","[{""id"":""179672275401610"",""name"":""Business Consultant""}]",79,,229384997101417,http://www.facebook.com/229384997101417,"=HYPERLINK(""http://www.facebook.com/229384997101417/?sk=info"", ""229384997101417"")","=HYPERLINK(""http://wp.otonomic.com/migration/index?page_id=229384997101417"", ""Create"")",,
"Accountant Olathe",23,"Black Canyon Accounting & Tax, LLC","(970) 275-0124","=HYPERLINK("""", """")","United States",1,Olathe,"Consulting/business services","[{""id"":""2248"",""name"":""Consulting\/Business Services""}]",58,,560235464021757,http://www.facebook.com/560235464021757,"=HYPERLINK(""http://www.facebook.com/560235464021757/?sk=info"", ""560235464021757"")","=HYPERLINK(""http://wp.otonomic.com/migration/index?page_id=560235464021757"", ""Create"")",,
"Accountant Olathe",24,"Vance Accounting Services","(913) 940-5351","=HYPERLINK(""www.vance-accounting.com"", ""www.vance-accounting.com"")","United States",1,Olathe,"Professional services","[{""id"":""139976092733827"",""name"":""Accountant""}]",74,,343923749020305,http://www.facebook.com/343923749020305,"=HYPERLINK(""http://www.facebook.com/343923749020305/?sk=info"", ""343923749020305"")","=HYPERLINK(""http://wp.otonomic.com/migration/index?page_id=343923749020305"", ""Create"")",,
"Accountant Olathe",25,"Cooper Accounting & Tax Service","(970) 323-5448","=HYPERLINK("""", """")","United States",1,Olathe,"Local business","[{""id"":""133381803394214"",""name"":""Tax Preparation""},{""id"":""139976092733827"",""name"":""Accountant""}]",,,117879424938847,http://www.facebook.com/117879424938847,"=HYPERLINK(""http://www.facebook.com/117879424938847/?sk=info"", ""117879424938847"")","=HYPERLINK(""http://wp.otonomic.com/migration/index?page_id=117879424938847"", ""Create"")",1,
"Accountant Olathe",26,"Johnson Income Tax & Accounting","(913) 829-8298","=HYPERLINK("""", """")","United States",1,Olathe,"Local business","[{""id"":""139976092733827"",""name"":""Accountant""},{""id"":""133381803394214"",""name"":""Tax Preparation""}]",,,150865974956540,http://www.facebook.com/150865974956540,"=HYPERLINK(""http://www.facebook.com/150865974956540/?sk=info"", ""150865974956540"")","=HYPERLINK(""http://wp.otonomic.com/migration/index?page_id=150865974956540"", ""Create"")",1,
"Accountant Olathe",27,"Accounting Plus Payroll","(913) 909-8534","=HYPERLINK(""http://www.accountingpluspayroll.com"", ""http://www.accountingpluspayroll.com"")","United States",1,Olathe,"Local business","[{""id"":""177721448951559"",""name"":""Workplace & Office""}]",,,356431401189291,http://www.facebook.com/356431401189291,"=HYPERLINK(""http://www.facebook.com/356431401189291/?sk=info"", ""356431401189291"")","=HYPERLINK(""http://wp.otonomic.com/migration/index?page_id=356431401189291"", ""Create"")",,
"Accountant Olathe",28,"Accountable Plumbing LLC","(913) 782-4946","=HYPERLINK("""", """")","United States",1,Olathe,"Local business","[{""id"":""178867352155084"",""name"":""Plumber""}]",1,,157233390973942,http://www.facebook.com/157233390973942,"=HYPERLINK(""http://www.facebook.com/157233390973942/?sk=info"", ""157233390973942"")","=HYPERLINK(""http://wp.otonomic.com/migration/index?page_id=157233390973942"", ""Create"")",1,
"Accountant Olathe",0,"Fulling Management & Accounting","(913) 254-7300","=HYPERLINK(""www.fullingmgmt.com"", ""www.fullingmgmt.com"")","United States",1,Olathe,"Local business","[{""id"":""139976092733827"",""name"":""Accountant""}]",19,3,122830331106840,http://www.facebook.com/122830331106840,"=HYPERLINK(""http://www.facebook.com/122830331106840/?sk=info"", ""122830331106840"")","=HYPERLINK(""http://wp.otonomic.com/migration/index?page_id=122830331106840"", ""Create"")",,
"Accountant Olathe",1,"Snider Accounting Services",,"=HYPERLINK(""www.snideraccounting.com"", ""www.snideraccounting.com"")","United States",1,Olathe,"Business services","[{""id"":""139976092733827"",""name"":""Accountant""}]",60,,204167096293263,http://www.facebook.com/204167096293263,"=HYPERLINK(""http://www.facebook.com/204167096293263/?sk=info"", ""204167096293263"")","=HYPERLINK(""http://wp.otonomic.com/migration/index?page_id=204167096293263"", ""Create"")",,
"Accountant Olathe",2,"Paydayz Payroll & Human Resource Solutions, Inc.","(913) 780-9901","=HYPERLINK(""www.paydayz.net"", ""www.paydayz.net"")","United States",1,Olathe,"Local business","[{""id"":""139976092733827"",""name"":""Accountant""}]",82,,154344001267939,http://www.facebook.com/154344001267939,"=HYPERLINK(""http://www.facebook.com/154344001267939/?sk=info"", ""154344001267939"")","=HYPERLINK(""http://wp.otonomic.com/migration/index?page_id=154344001267939"", ""Create"")",,
"Accountant Olathe",3,"Liberty Tax","(913) 712-8042","=HYPERLINK(""https://www.libertytax.com/11305"", ""https://www.libertytax.com/11305"")","United States",1,Olathe,"Local business","[{""id"":""133381803394214"",""name"":""Tax Preparation""},{""id"":""139976092733827"",""name"":""Accountant""}]",,1,392899647507345,http://www.facebook.com/392899647507345,"=HYPERLINK(""http://www.facebook.com/392899647507345/?sk=info"", ""392899647507345"")","=HYPERLINK(""http://wp.otonomic.com/migration/index?page_id=392899647507345"", ""Create"")",,72257781984
"Accountant Olathe",4,"K C Accounting Considerations","(913) 829-2673","=HYPERLINK("""", """")","United States",1,Olathe,"Local business","[{""id"":""139976092733827"",""name"":""Accountant""}]",1,,155732937800801,http://www.facebook.com/155732937800801,"=HYPERLINK(""http://www.facebook.com/155732937800801/?sk=info"", ""155732937800801"")","=HYPERLINK(""http://wp.otonomic.com/migration/index?page_id=155732937800801"", ""Create"")",1,
"Accountant Olathe",5,"Jim Hord CPA LLC","(913) 390-0974","=HYPERLINK("""", """")","United States",1,Olathe,"Local business","[{""id"":""139976092733827"",""name"":""Accountant""}]",1,,142277852485405,http://www.facebook.com/142277852485405,"=HYPERLINK(""http://www.facebook.com/142277852485405/?sk=info"", ""142277852485405"")","=HYPERLINK(""http://wp.otonomic.com/migration/index?page_id=142277852485405"", ""Create"")",1,
"Accountant Olathe",6,"Sowers Joseph CPA","(913) 780-1176","=HYPERLINK("""", """")","United States",1,Olathe,"Local business","[{""id"":""139976092733827"",""name"":""Accountant""}]",,,104579092942667,http://www.facebook.com/104579092942667,"=HYPERLINK(""http://www.facebook.com/104579092942667/?sk=info"", ""104579092942667"")","=HYPERLINK(""http://wp.otonomic.com/migration/index?page_id=104579092942667"", ""Create"")",1,
"Accountant Olathe",7,"Jackson Hewitt Tax Service","(913) 299-2400","=HYPERLINK(""http://www.jacksonhewitt.com/"", ""http://www.jacksonhewitt.com/"")","United States",1,Olathe,"Local business","[{""id"":""139976092733827"",""name"":""Accountant""},{""id"":""133381803394214"",""name"":""Tax Preparation""}]",,,126206447432835,http://www.facebook.com/126206447432835,"=HYPERLINK(""http://www.facebook.com/126206447432835/?sk=info"", ""126206447432835"")","=HYPERLINK(""http://wp.otonomic.com/migration/index?page_id=126206447432835"", ""Create"")",1,
"Accountant Olathe",8,"Drake Richard Certified Public Acc","(913) 764-6677","=HYPERLINK("""", """")","United States",1,Olathe,"Local business","[{""id"":""139976092733827"",""name"":""Accountant""}]",,,128156087238709,http://www.facebook.com/128156087238709,"=HYPERLINK(""http://www.facebook.com/128156087238709/?sk=info"", ""128156087238709"")","=HYPERLINK(""http://wp.otonomic.com/migration/index?page_id=128156087238709"", ""Create"")",1,
"Accountant Olathe",9,"Troutt Beeman & Co PC","(913) 768-6227","=HYPERLINK("""", """")","United States",1,Olathe,"Local business","[{""id"":""133381803394214"",""name"":""Tax Preparation""},{""id"":""139976092733827"",""name"":""Accountant""}]",,,141842022529466,http://www.facebook.com/141842022529466,"=HYPERLINK(""http://www.facebook.com/141842022529466/?sk=info"", ""141842022529466"")","=HYPERLINK(""http://wp.otonomic.com/migration/index?page_id=141842022529466"", ""Create"")",1,
"Accountant Olathe",10,"Klasinski William J CPA","(913) 782-0616","=HYPERLINK("""", """")","United States",1,Olathe,"Local business","[{""id"":""139976092733827"",""name"":""Accountant""}]",,,143853035660407,http://www.facebook.com/143853035660407,"=HYPERLINK(""http://www.facebook.com/143853035660407/?sk=info"", ""143853035660407"")","=HYPERLINK(""http://wp.otonomic.com/migration/index?page_id=143853035660407"", ""Create"")",1,
"Accountant Olathe",11,"Kruse Bill J Inc Bkkpng Service","(913) 782-7278","=HYPERLINK("""", """")","United States",1,Olathe,"Local business","[{""id"":""139976092733827"",""name"":""Accountant""}]",,,153634014672379,http://www.facebook.com/153634014672379,"=HYPERLINK(""http://www.facebook.com/153634014672379/?sk=info"", ""153634014672379"")","=HYPERLINK(""http://wp.otonomic.com/migration/index?page_id=153634014672379"", ""Create"")",1,
"Accountant Olathe",12,"Jampad Bookkeeping Service","(913) 254-7242","=HYPERLINK("""", """")","United States",1,Olathe,"Local business","[{""id"":""139976092733827"",""name"":""Accountant""}]",,,154470857925759,http://www.facebook.com/154470857925759,"=HYPERLINK(""http://www.facebook.com/154470857925759/?sk=info"", ""154470857925759"")","=HYPERLINK(""http://wp.otonomic.com/migration/index?page_id=154470857925759"", ""Create"")",1,
"Accountant Olathe",13,"Accounting & Business Resources","(913) 768-6985","=HYPERLINK("""", """")","United States",1,Olathe,"Local business","[{""id"":""133381803394214"",""name"":""Tax Preparation""},{""id"":""139976092733827"",""name"":""Accountant""}]",,,160945140592292,http://www.facebook.com/160945140592292,"=HYPERLINK(""http://www.facebook.com/160945140592292/?sk=info"", ""160945140592292"")","=HYPERLINK(""http://wp.otonomic.com/migration/index?page_id=160945140592292"", ""Create"")",1,
"Accountant Olathe",14,"Precision Accounting & Tax Service","(913) 390-1829","=HYPERLINK("""", """")","United States",1,Olathe,"Local business","[{""id"":""133381803394214"",""name"":""Tax Preparation""},{""id"":""139976092733827"",""name"":""Accountant""}]",,,167258269956294,http://www.facebook.com/167258269956294,"=HYPERLINK(""http://www.facebook.com/167258269956294/?sk=info"", ""167258269956294"")","=HYPERLINK(""http://wp.otonomic.com/migration/index?page_id=167258269956294"", ""Create"")",1,
"Accountant Olathe",15,"Hood John","(913) 393-4272","=HYPERLINK("""", """")","United States",1,Olathe,"Local business","[{""id"":""139976092733827"",""name"":""Accountant""}]",,,168943713122304,http://www.facebook.com/168943713122304,"=HYPERLINK(""http://www.facebook.com/168943713122304/?sk=info"", ""168943713122304"")","=HYPERLINK(""http://wp.otonomic.com/migration/index?page_id=168943713122304"", ""Create"")",1,
"Accountant Olathe",16,"Revenue Cycle Partners","(913) 390-5966","=HYPERLINK("""", """")","United States",1,Olathe,"Local business","[{""id"":""139976092733827"",""name"":""Accountant""}]",,,120925874631552,http://www.facebook.com/120925874631552,"=HYPERLINK(""http://www.facebook.com/120925874631552/?sk=info"", ""120925874631552"")","=HYPERLINK(""http://wp.otonomic.com/migration/index?page_id=120925874631552"", ""Create"")",1,
"Accountant Olathe",17,"Bowles Richard D CPA","(913) 768-0084","=HYPERLINK("""", """")","United States",1,Olathe,"Local business","[{""id"":""139976092733827"",""name"":""Accountant""}]",1,,104407266292660,http://www.facebook.com/104407266292660,"=HYPERLINK(""http://www.facebook.com/104407266292660/?sk=info"", ""104407266292660"")","=HYPERLINK(""http://wp.otonomic.com/migration/index?page_id=104407266292660"", ""Create"")",1,
"Accountant Olathe",18,"Whitacre Thos J CPA","(913) 782-2393","=HYPERLINK("""", """")","United States",1,Olathe,"Local business","[{""id"":""139976092733827"",""name"":""Accountant""}]",,,157895527574938,http://www.facebook.com/157895527574938,"=HYPERLINK(""http://www.facebook.com/157895527574938/?sk=info"", ""157895527574938"")","=HYPERLINK(""http://wp.otonomic.com/migration/index?page_id=157895527574938"", ""Create"")",1,
"Accountant Olathe",19,"Tax Advisory Group","(913) 764-1127","=HYPERLINK("""", """")","United States",1,Olathe,"Local business","[{""id"":""139976092733827"",""name"":""Accountant""}]",,,162334363786477,http://www.facebook.com/162334363786477,"=HYPERLINK(""http://www.facebook.com/162334363786477/?sk=info"", ""162334363786477"")","=HYPERLINK(""http://wp.otonomic.com/migration/index?page_id=162334363786477"", ""Create"")",1,
"Accountant Olathe",20,"Whitacre Thos J CPA","(913) 782-0616","=HYPERLINK("""", """")","United States",1,Olathe,"Local business","[{""id"":""139976092733827"",""name"":""Accountant""}]",,,162599707101572,http://www.facebook.com/162599707101572,"=HYPERLINK(""http://www.facebook.com/162599707101572/?sk=info"", ""162599707101572"")","=HYPERLINK(""http://wp.otonomic.com/migration/index?page_id=162599707101572"", ""Create"")",1,
"Accountant Olathe",21,"Elite Medical Service","(913) 254-0225","=HYPERLINK("""", """")","United States",1,Olathe,"Local business","[{""id"":""139976092733827"",""name"":""Accountant""},{""id"":""145118935550090"",""name"":""Medical & Health""}]",,,168238989859414,http://www.facebook.com/168238989859414,"=HYPERLINK(""http://www.facebook.com/168238989859414/?sk=info"", ""168238989859414"")","=HYPERLINK(""http://wp.otonomic.com/migration/index?page_id=168238989859414"", ""Create"")",1,
"Accountant Olathe",22,"House of Accounting","(913) 530-5609","=HYPERLINK(""www.houseofaccounting.com"", ""www.houseofaccounting.com"")","United States",1,Olathe,"Business services","[{""id"":""179672275401610"",""name"":""Business Consultant""}]",79,,229384997101417,http://www.facebook.com/229384997101417,"=HYPERLINK(""http://www.facebook.com/229384997101417/?sk=info"", ""229384997101417"")","=HYPERLINK(""http://wp.otonomic.com/migration/index?page_id=229384997101417"", ""Create"")",,
"Accountant Olathe",23,"Black Canyon Accounting & Tax, LLC","(970) 275-0124","=HYPERLINK("""", """")","United States",1,Olathe,"Consulting/business services","[{""id"":""2248"",""name"":""Consulting\/Business Services""}]",58,,560235464021757,http://www.facebook.com/560235464021757,"=HYPERLINK(""http://www.facebook.com/560235464021757/?sk=info"", ""560235464021757"")","=HYPERLINK(""http://wp.otonomic.com/migration/index?page_id=560235464021757"", ""Create"")",,
"Accountant Olathe",24,"Vance Accounting Services","(913) 940-5351","=HYPERLINK(""www.vance-accounting.com"", ""www.vance-accounting.com"")","United States",1,Olathe,"Professional services","[{""id"":""139976092733827"",""name"":""Accountant""}]",74,,343923749020305,http://www.facebook.com/343923749020305,"=HYPERLINK(""http://www.facebook.com/343923749020305/?sk=info"", ""343923749020305"")","=HYPERLINK(""http://wp.otonomic.com/migration/index?page_id=343923749020305"", ""Create"")",,
"Accountant Olathe",25,"Cooper Accounting & Tax Service","(970) 323-5448","=HYPERLINK("""", """")","United States",1,Olathe,"Local business","[{""id"":""133381803394214"",""name"":""Tax Preparation""},{""id"":""139976092733827"",""name"":""Accountant""}]",,,117879424938847,http://www.facebook.com/117879424938847,"=HYPERLINK(""http://www.facebook.com/117879424938847/?sk=info"", ""117879424938847"")","=HYPERLINK(""http://wp.otonomic.com/migration/index?page_id=117879424938847"", ""Create"")",1,
"Accountant Olathe",26,"Johnson Income Tax & Accounting","(913) 829-8298","=HYPERLINK("""", """")","United States",1,Olathe,"Local business","[{""id"":""139976092733827"",""name"":""Accountant""},{""id"":""133381803394214"",""name"":""Tax Preparation""}]",,,150865974956540,http://www.facebook.com/150865974956540,"=HYPERLINK(""http://www.facebook.com/150865974956540/?sk=info"", ""150865974956540"")","=HYPERLINK(""http://wp.otonomic.com/migration/index?page_id=150865974956540"", ""Create"")",1,
"Accountant Olathe",27,"Accounting Plus Payroll","(913) 909-8534","=HYPERLINK(""http://www.accountingpluspayroll.com"", ""http://www.accountingpluspayroll.com"")","United States",1,Olathe,"Local business","[{""id"":""177721448951559"",""name"":""Workplace & Office""}]",,,356431401189291,http://www.facebook.com/356431401189291,"=HYPERLINK(""http://www.facebook.com/356431401189291/?sk=info"", ""356431401189291"")","=HYPERLINK(""http://wp.otonomic.com/migration/index?page_id=356431401189291"", ""Create"")",,
"Accountant Olathe",28,"Accountable Plumbing LLC","(913) 782-4946","=HYPERLINK("""", """")","United States",1,Olathe,"Local business","[{""id"":""178867352155084"",""name"":""Plumber""}]",1,,157233390973942,http://www.facebook.com/157233390973942,"=HYPERLINK(""http://www.facebook.com/157233390973942/?sk=info"", ""157233390973942"")","=HYPERLINK(""http://wp.otonomic.com/migration/index?page_id=157233390973942"", ""Create"")",1,
